nome,tipo,descricao,formula,motivacao,semana_criada
hora_dia,Int8,Hora do dia em que o evento ocorreu (0-23),Data_Evento.dt.hour(),Q5 (W2): heatmap hora x dia revelou pico extremo de DGs em segunda as 23h; variacao de aproximadamente 3x entre hora minima e maxima.,W3
dia_semana,Int8,Dia da semana do evento (1=Seg ... 7=Dom),Data_Evento.dt.weekday(),Q5 (W2): segunda-feira concentra as maiores taxas de DG; padrao de 'rampa de retomada apos fim de semana'.,W3
turno,String,Turno operacional: 'Diurno' (Inicio_Turno=6h) ou 'Noturno' (Inicio_Turno=18h),'Diurno' if Inicio_Turno.dt.hour() == 6 else 'Noturno',Operacao 24x7 em turnos de 12h. Fig 2 mostra picos em 4-5h e 17-18h consistentes com transicoes de turno.,W3
mes,Int8,Mes do evento (1=jan ... 6=jun de 2025),Data_Evento.dt.month(),Obs 2.6: 3 regimes temporais distintos. Anomalia A (Engine Coolant fev-mar) e Anomalia B (Right Front Brake jun); captura non-stationarity.,W3
valor_disponivel,Bool,True se o evento possui medicao numerica (Valor IS NOT NULL),Valor.is_not_null(),Achado W3: 43.58% dos eventos relevantes nao possuem Valor numerico — alarmes 'Active/Inactive' sem medicao. Categoria binaria preditiva.,W3
count_critico_1h,Int32,"Contagem de eventos Critico do mesmo TAG nas ultimas 1h (closed=left, exclui evento atual)","rolling_sum_by(by=Data_Evento, window=1h, closed='left').over(TAG)",Obs 2.5: 48% dos DGs vem de acumulacao (regra CMA QTD>1). Rolling captura padrao temporal de acumulacao — family core. count_total valida empiricamente H5.2 / Obs 2.3 (padrao CA65924).,W4
count_critico_4h,Int32,"Contagem de eventos Critico do mesmo TAG nas ultimas 4h (closed=left, exclui evento atual)","rolling_sum_by(by=Data_Evento, window=4h, closed='left').over(TAG)",Obs 2.5: 48% dos DGs vem de acumulacao (regra CMA QTD>1). Rolling captura padrao temporal de acumulacao — family core. count_total valida empiricamente H5.2 / Obs 2.3 (padrao CA65924).,W4
count_critico_24h,Int32,"Contagem de eventos Critico do mesmo TAG nas ultimas 24h (closed=left, exclui evento atual)","rolling_sum_by(by=Data_Evento, window=24h, closed='left').over(TAG)",Obs 2.5: 48% dos DGs vem de acumulacao (regra CMA QTD>1). Rolling captura padrao temporal de acumulacao — family core. count_total valida empiricamente H5.2 / Obs 2.3 (padrao CA65924).,W4
count_nao_critico_1h,Int32,"Contagem de eventos Nao Critico do mesmo TAG nas ultimas 1h (closed=left, exclui evento atual)","rolling_sum_by(by=Data_Evento, window=1h, closed='left').over(TAG)",Obs 2.5: 48% dos DGs vem de acumulacao (regra CMA QTD>1). Rolling captura padrao temporal de acumulacao — family core. count_total valida empiricamente H5.2 / Obs 2.3 (padrao CA65924).,W4
count_nao_critico_4h,Int32,"Contagem de eventos Nao Critico do mesmo TAG nas ultimas 4h (closed=left, exclui evento atual)","rolling_sum_by(by=Data_Evento, window=4h, closed='left').over(TAG)",Obs 2.5: 48% dos DGs vem de acumulacao (regra CMA QTD>1). Rolling captura padrao temporal de acumulacao — family core. count_total valida empiricamente H5.2 / Obs 2.3 (padrao CA65924).,W4
count_nao_critico_24h,Int32,"Contagem de eventos Nao Critico do mesmo TAG nas ultimas 24h (closed=left, exclui evento atual)","rolling_sum_by(by=Data_Evento, window=24h, closed='left').over(TAG)",Obs 2.5: 48% dos DGs vem de acumulacao (regra CMA QTD>1). Rolling captura padrao temporal de acumulacao — family core. count_total valida empiricamente H5.2 / Obs 2.3 (padrao CA65924).,W4
count_total_1h,Int32,"Contagem de eventos Total do mesmo TAG nas ultimas 1h (closed=left, exclui evento atual)","rolling_sum_by(by=Data_Evento, window=1h, closed='left').over(TAG)",Obs 2.5: 48% dos DGs vem de acumulacao (regra CMA QTD>1). Rolling captura padrao temporal de acumulacao — family core. count_total valida empiricamente H5.2 / Obs 2.3 (padrao CA65924).,W4
count_total_4h,Int32,"Contagem de eventos Total do mesmo TAG nas ultimas 4h (closed=left, exclui evento atual)","rolling_sum_by(by=Data_Evento, window=4h, closed='left').over(TAG)",Obs 2.5: 48% dos DGs vem de acumulacao (regra CMA QTD>1). Rolling captura padrao temporal de acumulacao — family core. count_total valida empiricamente H5.2 / Obs 2.3 (padrao CA65924).,W4
count_total_24h,Int32,"Contagem de eventos Total do mesmo TAG nas ultimas 24h (closed=left, exclui evento atual)","rolling_sum_by(by=Data_Evento, window=24h, closed='left').over(TAG)",Obs 2.5: 48% dos DGs vem de acumulacao (regra CMA QTD>1). Rolling captura padrao temporal de acumulacao — family core. count_total valida empiricamente H5.2 / Obs 2.3 (padrao CA65924).,W4
horas_desde_ultimo_DG,Float64,Horas desde o ultimo DG do mesmo TAG (NULL se nao houve DG anterior),(Data_Evento - last_DG_timestamp).total_hours() per TAG,Padrao classico de manutencao preditiva: tempo desde ultima falha correlaciona com risco. NULL para eventos antes do primeiro DG da TAG.,W4
horas_desde_ultimo_critico,Float64,Horas desde o ultimo evento Critico do mesmo TAG (NULL se nao houve),(Data_Evento - last_Critico_timestamp).total_hours() per TAG,"Critico tem taxa de DG 12,39% (Obs 2.2). Recencia de Critico captura 'risco crescente' mesmo antes de virar DG.",W4
estado_pre_evento,String,Estado operacional do equipamento ~1h antes do evento (Operando/Parado/Manutencao/Hibernando ou SEM_APONTAMENTO),"join_asof(apontamentos.Inicio <= Data_Evento - 1h, by=TAG, strategy=backward, filtro Fim >= Data_Evento - 1h)","Obs 2.7: 12,65% dos DGs em estado Manutencao sao legitimos (reativacoes de teste). Capturar o estado pre-evento separa 'DG operacional' de 'DG em teste de manutencao' — base para analise estratificada W7.",W4
razao_alarme_7d_vs_30d_anterior,Float64,"Razao normalizada por dias entre frequencia do mesmo alarme em (TAG, Alarme) nos ultimos 7d vs baseline historico de 30d. NULL se Alarme nao esta nos top 19.","(count_7d/7) / (count_30d/30) per (TAG, Alarme); restrito a top 19 alarmes que geraram >=1 DG no semestre","Obs 2.6 extensao: alarme Right Front Brake Temperature explodiu 151,7x em junho (estatisticamente invisivel no treino jan-mai). Razao vs proprio baseline captura essas explosoes — endereca risco 3.2 (drift).",W4
razao_severidade_14d_vs_60d,Float64,Razao (count_Critico_14d/count_NaoCritico_14d) / (count_Critico_60d/count_NaoCritico_60d) per TAG. Captura inversoes de severidade. NULL quando denominadores=0.,"(crit_14d * nc_60d) / (nc_14d * crit_60d) per TAG, rolling closed=left",Obs 2.6: Engine Coolant Level inverteu severidade (83% Critico → 6% em fev-mar). Razao mix Critico/Nao-Critico em janela curta vs longa detecta inversoes.,W4
